{"difficulty":22.934888241010693,"musicVolume":0.32555879494655005,"sfxVolume":0.9271137026239067}